name,para,para_err
a1,-1.799999998327565,1.9056450123656234
a2,-2.000000000009553,0.19990933744297856
fϕ,92.4027842026342,1.70466157333275
f,1.1237949629848243,0.12495443274099005
