pole,lower,upper
1385.9909609320073,19.58679900174843,5.201495986920008
1439.2509040080274,4.7021723238665345,12.452997500463425
1511.394873571697,7.95917567401716,1.5370827687381734